title,genres,keywords,overview,cast,director,release_year,vote_average,vote_count
Inception,"Science Fiction|Thriller","dream|heist|subconscious","A skilled thief enters dreams to steal secrets and attempts an impossible idea.","Leonardo DiCaprio|Joseph Gordon-Levitt","Christopher Nolan",2010,8.4,35000
The Dark Knight,"Action|Crime|Drama","batman|joker|vigilante","A masked hero faces a criminal mastermind who pushes Gotham into chaos.","Christian Bale|Heath Ledger","Christopher Nolan",2008,9.0,33000
Interstellar,"Science Fiction|Drama","space|wormhole|survival","Explorers travel through a wormhole searching for a future home for humanity.","Matthew McConaughey|Anne Hathaway","Christopher Nolan",2014,8.6,32000
The Matrix,"Science Fiction|Action","simulation|ai|reality","A hacker discovers that his reality is a simulated world controlled by machines.","Keanu Reeves|Laurence Fishburne","Lana Wachowski|Lilly Wachowski",1999,8.7,25000
Arrival,"Science Fiction|Drama","aliens|language|time","A linguist works to communicate with mysterious visitors while humanity faces uncertainty.","Amy Adams|Jeremy Renner","Denis Villeneuve",2016,7.9,17000
Blade Runner 2049,"Science Fiction|Thriller","android|future|detective","A young blade runner uncovers a secret that leads him to a former officer.","Ryan Gosling|Harrison Ford","Denis Villeneuve",2017,8.0,19000
Dune,"Science Fiction|Adventure|Drama","desert|politics|prophecy","A gifted young nobleman must survive political conflict on a dangerous desert planet.","Timothee Chalamet|Rebecca Ferguson","Denis Villeneuve",2021,8.0,15000
Mad Max: Fury Road,"Action|Adventure","desert|chase|survival","A group of survivors races across a wasteland while escaping a brutal warlord.","Tom Hardy|Charlize Theron","George Miller",2015,8.1,22000
The Martian,"Science Fiction|Drama","mars|survival|space","An astronaut stranded on Mars uses science and ingenuity to survive.","Matt Damon|Jessica Chastain","Ridley Scott",2015,8.0,24000
Guardians of the Galaxy,"Action|Adventure|Comedy","space|superhero|team","A group of unlikely heroes must protect the galaxy from a powerful threat.","Chris Pratt|Zoe Saldana","James Gunn",2014,8.0,27000
Iron Man,"Action|Science Fiction","superhero|technology|armor","A billionaire inventor builds an advanced suit and becomes a superhero.","Robert Downey Jr.|Gwyneth Paltrow","Jon Favreau",2008,7.9,26000
Spider-Man: Into the Spider-Verse,"Animation|Action|Adventure","spider-man|multiverse|hero","A teenager becomes one of many Spider-Heroes and learns what it means to be a hero.","Shameik Moore|Jake Johnson","Bob Persichetti|Peter Ramsey|Rodney Rothman",2018,8.4,16000
Parasite,"Drama|Thriller","class|family|wealth","A struggling family becomes entangled with a wealthy household in an unexpected scheme.","Song Kang-ho|Choi Woo-shik","Bong Joon Ho",2019,8.5,18000
The Social Network,"Drama","facebook|college|ambition","A story about the creation of a social network and the relationships changed by it.","Jesse Eisenberg|Andrew Garfield","David Fincher",2010,7.8,12000
Gone Girl,"Mystery|Thriller|Drama","missing|marriage|crime","A woman's disappearance turns a marriage into a national mystery.","Ben Affleck|Rosamund Pike","David Fincher",2014,8.1,22000
Se7en,"Crime|Mystery|Thriller","serial killer|detective|sin","Two detectives hunt a killer whose crimes are based on a disturbing moral code.","Brad Pitt|Morgan Freeman","David Fincher",1995,8.6,18000
The Grand Budapest Hotel,"Comedy|Drama","hotel|friendship|adventure","A hotel concierge and his protégé become involved in a stolen painting and family fortune.","Ralph Fiennes|Tony Revolori","Wes Anderson",2014,8.1,15000
Whiplash,"Drama|Music","jazz|ambition|mentor","A young drummer pursues greatness under an intensely demanding instructor.","Miles Teller|J.K. Simmons","Damien Chazelle",2014,8.5,16000
La La Land,"Drama|Music|Romance","music|dreams|los angeles","An aspiring actress and jazz musician pursue their dreams while navigating a relationship.","Ryan Gosling|Emma Stone","Damien Chazelle",2016,8.0,17000
The Prestige,"Drama|Mystery|Thriller","magic|rivalry|obsession","Two rival magicians become consumed by a dangerous competition.","Christian Bale|Hugh Jackman","Christopher Nolan",2006,8.5,15000
Ex Machina,"Science Fiction|Drama|Thriller","ai|robot|consciousness","A programmer evaluates an advanced artificial intelligence in an isolated research facility.","Domhnall Gleeson|Alicia Vikander","Alex Garland",2014,7.7,14000
Her,"Science Fiction|Romance|Drama","ai|relationship|technology","A lonely writer develops an unusual relationship with an artificial intelligence.","Joaquin Phoenix|Scarlett Johansson","Spike Jonze",2013,8.0,13000
Everything Everywhere All at Once,"Action|Comedy|Science Fiction","multiverse|family|identity","A woman discovers countless alternate lives while trying to save her family and reality.","Michelle Yeoh|Ke Huy Quan","Daniel Kwan|Daniel Scheinert",2022,7.7,15000
Get Out,"Horror|Mystery|Thriller","family|racism|escape","A young man visits his girlfriend's family and discovers a disturbing secret.","Daniel Kaluuya|Allison Williams","Jordan Peele",2017,7.8,19000
The Truman Show,"Comedy|Drama|Science Fiction","reality|television|identity","A man slowly discovers that his entire life is being filmed as a television show.","Jim Carrey|Laura Linney","Peter Weir",1998,8.2,17000
